{
  "IcoMoonType": "selection",
  "icons": [
    {
      "icon": {
        "paths": [
          "M173.517 364.186l56.371 558.49c3.123 23.603 117.094 101.222 282.112 101.325 165.12-0.102 279.091-77.722 282.163-101.325l56.422-558.49c-86.221 48.23-215.091 71.014-338.586 71.014-123.392 0-252.314-22.784-338.483-71.014zM674.202 77.312l-43.981-48.691c-16.998-24.218-35.43-28.621-71.322-28.621h-93.747c-35.84 0-54.323 4.403-71.27 28.621l-43.981 48.691c-131.584 22.989-227.021 83.968-227.021 128.973v8.704c0 79.206 174.234 143.411 389.12 143.411 214.938 0 389.171-64.205 389.171-143.411v-8.704c0-45.005-95.386-105.984-226.97-128.973zM617.984 222.208l-54.784-68.608h-102.4l-54.682 68.608h-87.040c0 0 95.334-113.715 108.083-129.126 9.728-11.776 19.661-16.282 32.563-16.282h104.602c12.954 0 22.886 4.506 32.614 16.282 12.698 15.411 108.083 129.126 108.083 129.126h-87.040z"
        ],
        "attrs": [],
        "isMulticolor": false,
        "isMulticolor2": false,
        "tags": [
          "trash"
        ],
        "grid": 20
      },
      "attrs": [],
      "properties": {
        "id": 80,
        "order": 3,
        "prevSize": 20,
        "name": "trash"
      },
      "setIdx": 0,
      "setId": 2,
      "iconIdx": 79
    },
    {
      "icon": {
        "paths": [
          "M899.123 124.877c-73.83-73.882-129.28-62.822-129.28-62.822l-656.691 656.64-51.712 243.814 243.866-51.712 656.691-656.538c-0.051 0 11.059-55.45-62.874-129.382zM290.816 881.51l-83.149 17.92c-7.987-15.002-17.664-30.003-35.328-47.718-17.715-17.715-32.717-27.29-47.718-35.379l17.92-83.098 24.064-24.013c0 0 45.21 0.922 96.307 52.019 51.046 50.995 52.019 96.307 52.019 96.307l-24.115 23.962z"
        ],
        "attrs": [],
        "isMulticolor": false,
        "isMulticolor2": false,
        "tags": [
          "edit"
        ],
        "grid": 20
      },
      "attrs": [],
      "properties": {
        "id": 154,
        "order": 5,
        "prevSize": 20,
        "name": "edit"
      },
      "setIdx": 0,
      "setId": 2,
      "iconIdx": 153
    },
    {
      "icon": {
        "paths": [
          "M512 225.28c-335.923 0-512 247.398-512 286.72 0 39.219 176.077 286.72 512 286.72 335.872 0 512-247.501 512-286.72 0-39.322-176.128-286.72-512-286.72zM512 732.518c-125.696 0-227.584-98.714-227.584-220.518s101.888-220.621 227.584-220.621c125.696 0 227.533 98.816 227.533 220.621s-101.837 220.518-227.533 220.518zM512 512c-20.838-22.886 33.946-110.285 0-110.285-62.874 0-113.818 49.408-113.818 110.285s50.944 110.285 113.818 110.285c62.822 0 113.818-49.408 113.818-110.285 0-28.006-96.102 19.405-113.818 0z"
        ],
        "attrs": [],
        "isMulticolor": false,
        "isMulticolor2": false,
        "tags": [
          "eye"
        ],
        "grid": 20
      },
      "attrs": [],
      "properties": {
        "id": 162,
        "order": 4,
        "prevSize": 20,
        "name": "eye"
      },
      "setIdx": 0,
      "setId": 2,
      "iconIdx": 161
    }
  ],
  "height": 1024,
  "preferences": {
    "showGlyphs": true,
    "showQuickUse": true,
    "showQuickUse2": true,
    "showSVGs": true,
    "fontPref": {
      "prefix": "icon-",
      "metadata": {
        "fontFamily": "icomoon"
      },
      "metrics": {
        "emSize": 1024,
        "baseline": 6.25,
        "whitespace": 50
      },
      "embed": false
    },
    "imagePref": {
      "prefix": "icon-",
      "png": true,
      "useClassSelector": true,
      "color": 0,
      "bgColor": 16777215,
      "classSelector": ".icon",
      "name": "icomoon"
    },
    "historySize": 50,
    "showCodes": true,
    "gridSize": 16
  }
}